{
  "hash": "fd42a01c",
  "configHash": "97822399",
  "lockfileHash": "902a2fbb",
  "browserHash": "0f781e11",
  "optimized": {
    "@angular/common": {
      "src": "../../../../../../node_modules/@angular/common/fesm2022/common.mjs",
      "file": "@angular_common.js",
      "fileHash": "77e5a9c3",
      "needsInterop": false
    },
    "@angular/common/http": {
      "src": "../../../../../../node_modules/@angular/common/fesm2022/http.mjs",
      "file": "@angular_common_http.js",
      "fileHash": "a488a2a8",
      "needsInterop": false
    },
    "@angular/core": {
      "src": "../../../../../../node_modules/@angular/core/fesm2022/core.mjs",
      "file": "@angular_core.js",
      "fileHash": "cfc4d000",
      "needsInterop": false
    },
    "@angular/platform-browser": {
      "src": "../../../../../../node_modules/@angular/platform-browser/fesm2022/platform-browser.mjs",
      "file": "@angular_platform-browser.js",
      "fileHash": "75a861c6",
      "needsInterop": false
    },
    "@angular/router": {
      "src": "../../../../../../node_modules/@angular/router/fesm2022/router.mjs",
      "file": "@angular_router.js",
      "fileHash": "7c258f7a",
      "needsInterop": false
    },
    "md5": {
      "src": "../../../../../../node_modules/md5/md5.js",
      "file": "md5.js",
      "fileHash": "b3176a4c",
      "needsInterop": true
    },
    "rxjs": {
      "src": "../../../../../../node_modules/rxjs/dist/esm5/index.js",
      "file": "rxjs.js",
      "fileHash": "e732a2f9",
      "needsInterop": false
    },
    "rxjs/operators": {
      "src": "../../../../../../node_modules/rxjs/dist/esm5/operators/index.js",
      "file": "rxjs_operators.js",
      "fileHash": "ab4d9131",
      "needsInterop": false
    }
  },
  "chunks": {
    "chunk-W35E2HVL": {
      "file": "chunk-W35E2HVL.js"
    },
    "chunk-MKW3TPBJ": {
      "file": "chunk-MKW3TPBJ.js"
    },
    "chunk-DCPMOBF4": {
      "file": "chunk-DCPMOBF4.js"
    },
    "chunk-3TO6VOSE": {
      "file": "chunk-3TO6VOSE.js"
    },
    "chunk-WNPMEE2K": {
      "file": "chunk-WNPMEE2K.js"
    },
    "chunk-6XISFZPP": {
      "file": "chunk-6XISFZPP.js"
    },
    "chunk-OGW7HQS4": {
      "file": "chunk-OGW7HQS4.js"
    },
    "chunk-3OV72XIM": {
      "file": "chunk-3OV72XIM.js"
    }
  }
}